{
	"credit": "Made with Blockbench",
	"textures": {
		"0": "calamity:block/menu_table_top",
		"2": "calamity:block/menu_table_side",
		"3": "calamity:block/menu_table_items",
		"4": "block/bedrock",
		"particle": "calamity:block/menu_table_top"
	},
	"elements": [
		{
			"name": "foot",
			"from": [11, 0, 11],
			"to": [16, 2, 16],
			"faces": {
				"north": {"uv": [0, 14, 5, 16], "texture": "#2", "cullface": "north"},
				"east": {"uv": [0, 14, 5, 16], "texture": "#2", "cullface": "east"},
				"south": {"uv": [11, 14, 16, 16], "texture": "#2", "cullface": "south"},
				"west": {"uv": [11, 14, 16, 16], "texture": "#2", "cullface": "west"},
				"up": {"uv": [5, 5, 10, 10], "texture": "#2", "cullface": "up"},
				"down": {"uv": [5, 10, 10, 15], "texture": "#2", "cullface": "down"}
			}
		},
		{
			"name": "foot",
			"from": [0, 0, 0],
			"to": [5, 2, 5],
			"faces": {
				"north": {"uv": [11, 14, 16, 16], "texture": "#2", "cullface": "north"},
				"east": {"uv": [11, 14, 16, 16], "texture": "#2", "cullface": "east"},
				"south": {"uv": [0, 14, 5, 16], "texture": "#2", "cullface": "south"},
				"west": {"uv": [0, 14, 5, 16], "texture": "#2", "cullface": "west"},
				"up": {"uv": [5, 5, 10, 10], "texture": "#2", "cullface": "up"},
				"down": {"uv": [5, 10, 10, 15], "texture": "#2", "cullface": "down"}
			}
		},
		{
			"name": "foot",
			"from": [11, 0, 0],
			"to": [16, 2, 5],
			"faces": {
				"north": {"uv": [0, 14, 5, 16], "texture": "#2", "cullface": "north"},
				"east": {"uv": [11, 14, 16, 16], "texture": "#2", "cullface": "east"},
				"south": {"uv": [11, 14, 16, 16], "texture": "#2", "cullface": "south"},
				"west": {"uv": [0, 14, 5, 16], "texture": "#2", "cullface": "west"},
				"up": {"uv": [5, 5, 10, 10], "texture": "#2", "cullface": "up"},
				"down": {"uv": [5, 10, 10, 15], "texture": "#2", "cullface": "down"}
			}
		},
		{
			"name": "foot",
			"from": [0, 0, 11],
			"to": [5, 2, 16],
			"faces": {
				"north": {"uv": [11, 14, 16, 16], "texture": "#2", "cullface": "north"},
				"east": {"uv": [0, 14, 5, 16], "texture": "#2", "cullface": "east"},
				"south": {"uv": [0, 14, 5, 16], "texture": "#2", "cullface": "south"},
				"west": {"uv": [11, 14, 16, 16], "texture": "#2", "cullface": "west"},
				"up": {"uv": [5, 5, 10, 10], "texture": "#2", "cullface": "up"},
				"down": {"uv": [5, 10, 10, 15], "texture": "#2", "cullface": "down"}
			}
		},
		{
			"name": "leg",
			"from": [1, 2, 11],
			"to": [5, 16, 15],
			"faces": {
				"north": {"uv": [11, 5, 15, 14], "texture": "#2", "cullface": "north"},
				"east": {"uv": [1, 5, 5, 14], "texture": "#2", "cullface": "east"},
				"south": {"uv": [1, 5, 5, 14], "texture": "#2", "cullface": "south"},
				"west": {"uv": [11, 5, 15, 14], "texture": "#2", "cullface": "west"},
				"up": {"uv": [1, 12, 3, 15], "texture": "#2", "cullface": "up"},
				"down": {"uv": [1, 1, 3, 4], "texture": "#2", "cullface": "down"}
			}
		},
		{
			"name": "leg",
			"from": [11, 2, 11],
			"to": [15, 16, 15],
			"faces": {
				"north": {"uv": [1, 5, 5, 14], "texture": "#2", "cullface": "north"},
				"east": {"uv": [1, 5, 5, 14], "texture": "#2", "cullface": "east"},
				"south": {"uv": [11, 5, 15, 14], "texture": "#2", "cullface": "south"},
				"west": {"uv": [11, 5, 15, 14], "texture": "#2", "cullface": "west"},
				"up": {"uv": [1, 12, 3, 15], "texture": "#2", "cullface": "up"},
				"down": {"uv": [1, 1, 3, 4], "texture": "#2", "cullface": "down"}
			}
		},
		{
			"name": "leg",
			"from": [11, 2, 1],
			"to": [15, 16, 5],
			"faces": {
				"north": {"uv": [1, 5, 5, 14], "texture": "#2", "cullface": "north"},
				"east": {"uv": [11, 5, 15, 14], "texture": "#2", "cullface": "east"},
				"south": {"uv": [11, 5, 15, 14], "texture": "#2", "cullface": "south"},
				"west": {"uv": [1, 5, 5, 14], "texture": "#2", "cullface": "west"},
				"up": {"uv": [1, 1, 3, 4], "texture": "#2", "cullface": "up"},
				"down": {"uv": [1, 12, 3, 15], "texture": "#2", "cullface": "down"}
			}
		},
		{
			"name": "leg",
			"from": [1, 2, 1],
			"to": [5, 16, 5],
			"faces": {
				"north": {"uv": [11, 5, 15, 14], "texture": "#2", "cullface": "north"},
				"east": {"uv": [11, 5, 15, 14], "texture": "#2", "cullface": "east"},
				"south": {"uv": [1, 5, 5, 14], "texture": "#2", "cullface": "south"},
				"west": {"uv": [1, 5, 5, 14], "texture": "#2", "cullface": "west"},
				"up": {"uv": [1, 1, 3, 4], "texture": "#2", "cullface": "up"},
				"down": {"uv": [1, 12, 3, 15], "texture": "#2", "cullface": "down"}
			}
		},
		{
			"name": "top",
			"from": [0, 15, 0],
			"to": [16, 20, 16],
			"faces": {
				"north": {"uv": [0, 0, 16, 5], "texture": "#2", "cullface": "north"},
				"east": {"uv": [0, 0, 16, 5], "texture": "#2", "cullface": "east"},
				"south": {"uv": [0, 0, 16, 5], "texture": "#2", "cullface": "south"},
				"west": {"uv": [0, 0, 16, 5], "texture": "#2", "cullface": "west"},
				"up": {"uv": [0, 0, 16, 16], "texture": "#0", "cullface": "up"},
				"down": {"uv": [0, 0, 16, 16], "texture": "#0", "cullface": "down"}
			}
		},
		{
			"name": "top",
			"from": [5, 14, 1],
			"to": [11, 15, 15],
			"faces": {
				"north": {"uv": [5, 1, 11, 2], "texture": "#0", "cullface": "north"},
				"east": {"uv": [2, 1, 14, 2], "texture": "#0", "cullface": "east"},
				"south": {"uv": [5, 1, 11, 2], "texture": "#0", "cullface": "south"},
				"west": {"uv": [2, 1, 14, 2], "texture": "#0", "cullface": "west"},
				"up": {"uv": [5, 2, 11, 14], "texture": "#0", "cullface": "up"},
				"down": {"uv": [5, 2, 11, 14], "texture": "#0", "cullface": "down"}
			}
		},
		{
			"name": "top",
			"from": [2, 14, 5],
			"to": [5, 15, 11],
			"faces": {
				"north": {"uv": [11, 1, 14, 2], "texture": "#0", "cullface": "north"},
				"east": {"uv": [5, 1, 11, 2], "texture": "#0", "cullface": "east"},
				"south": {"uv": [2, 1, 5, 2], "texture": "#0", "cullface": "south"},
				"west": {"uv": [5, 1, 11, 2], "texture": "#0", "cullface": "west"},
				"up": {"uv": [2, 5, 5, 11], "texture": "#0", "cullface": "up"},
				"down": {"uv": [2, 5, 5, 11], "texture": "#0", "cullface": "down"}
			}
		},
		{
			"name": "top",
			"from": [11, 14, 5],
			"to": [14, 15, 11],
			"faces": {
				"north": {"uv": [2, 1, 5, 2], "texture": "#0", "cullface": "north"},
				"east": {"uv": [5, 1, 11, 2], "texture": "#0", "cullface": "east"},
				"south": {"uv": [11, 1, 14, 2], "texture": "#0", "cullface": "south"},
				"west": {"uv": [5, 1, 11, 2], "texture": "#0", "cullface": "west"},
				"up": {"uv": [11, 5, 14, 11], "texture": "#0", "cullface": "up"},
				"down": {"uv": [11, 5, 14, 11], "texture": "#0", "cullface": "down"}
			}
		},
		{
			"name": "knife",
			"from": [6, 23.75, 17],
			"to": [7, 24.75, 17],
			"rotation": {"angle": 22.5, "axis": "y", "origin": [0, 0, 0]},
			"faces": {
				"north": {"uv": [4, 2, 5, 3], "texture": "#3"},
				"south": {"uv": [5, 2, 4, 3], "texture": "#3"}
			}
		},
		{
			"name": "knife",
			"from": [5, 18.75, 17],
			"to": [6, 20.75, 17],
			"rotation": {"angle": 22.5, "axis": "y", "origin": [0, 0, 0]},
			"faces": {
				"north": {"uv": [2, 6, 3, 7], "texture": "#3"},
				"south": {"uv": [3, 6, 2, 7], "texture": "#3"}
			}
		},
		{
			"name": "knife",
			"from": [4, 20.75, 17],
			"to": [6, 26.75, 17],
			"rotation": {"angle": 22.5, "axis": "y", "origin": [0, 0, 0]},
			"faces": {
				"north": {"uv": [2, 0, 4, 6], "texture": "#3"},
				"south": {"uv": [4, 0, 2, 6], "texture": "#3"}
			}
		},
		{
			"name": "knife",
			"from": [3, 23.75, 17],
			"to": [4, 24.75, 17],
			"rotation": {"angle": 22.5, "axis": "y", "origin": [0, 0, 0]},
			"faces": {
				"north": {"uv": [4, 2, 5, 3], "texture": "#3"},
				"south": {"uv": [5, 2, 4, 3], "texture": "#3"}
			}
		},
		{
			"name": "mug",
			"from": [16, 20.01, -3.5],
			"to": [19, 24.01, -0.5],
			"rotation": {"angle": -45, "axis": "y", "origin": [0, 0, 0]},
			"faces": {
				"north": {"uv": [10, 12, 13, 16], "texture": "#3"},
				"east": {"uv": [13, 12, 16, 16], "texture": "#3"},
				"south": {"uv": [13, 12, 16, 16], "texture": "#3"},
				"west": {"uv": [13, 12, 16, 16], "texture": "#3"},
				"up": {"uv": [6, 12, 10, 16], "rotation": 270, "texture": "#3"},
				"down": {"uv": [0, 0, 3, 3], "rotation": 90, "texture": "#3"}
			}
		},
		{
			"name": "mug",
			"from": [17, 21.01, -4.5],
			"to": [18, 23.01, -3.5],
			"rotation": {"angle": -45, "axis": "y", "origin": [0, 0, 0]},
			"faces": {
				"north": {"uv": [11, 13, 12, 15], "texture": "#3"},
				"east": {"uv": [11, 13, 12, 15], "texture": "#3"},
				"south": {"uv": [11, 13, 12, 15], "texture": "#3"},
				"west": {"uv": [11, 13, 12, 15], "texture": "#3"},
				"up": {"uv": [11, 13, 12, 15], "rotation": 270, "texture": "#3"},
				"down": {"uv": [11, 13, 12, 15], "rotation": 90, "texture": "#3"}
			}
		},
		{
			"name": "book",
			"from": [4, 20, 1],
			"to": [8, 21, 7],
			"rotation": {"angle": -22.5, "axis": "y", "origin": [0, 0, 0]},
			"faces": {
				"north": {"uv": [0, 10, 4, 11], "texture": "#3"},
				"east": {"uv": [0, 15, 6, 16], "texture": "#3"},
				"south": {"uv": [0, 10, 4, 11], "texture": "#3"},
				"west": {"uv": [0, 10, 6, 11], "texture": "#3"},
				"up": {"uv": [0, 11, 6, 15], "rotation": 270, "texture": "#3"},
				"down": {"uv": [0, 11, 6, 15], "rotation": 90, "texture": "#3"}
			}
		},
		{
			"name": "plate",
			"from": [0, 20, 10],
			"to": [5, 20.5, 15],
			"rotation": {"angle": 45, "axis": "y", "origin": [0, 0, 0]},
			"faces": {
				"north": {"uv": [10, 6, 15, 7], "texture": "#3"},
				"east": {"uv": [10, 6, 15, 7], "texture": "#3"},
				"south": {"uv": [10, 6, 15, 7], "texture": "#3"},
				"west": {"uv": [10, 6, 15, 7], "texture": "#3"},
				"up": {"uv": [10, 1, 15, 6], "texture": "#3"},
				"down": {"uv": [10, 1, 15, 6], "texture": "#3"}
			}
		},
		{
			"name": "plate",
			"from": [-0.5, 20.5, 9.5],
			"to": [5.5, 20.6, 15.5],
			"rotation": {"angle": 45, "axis": "y", "origin": [0, 0, 0]},
			"faces": {
				"north": {"uv": [10, 6, 15, 7], "texture": "#3"},
				"east": {"uv": [10, 6, 15, 7], "texture": "#3"},
				"south": {"uv": [10, 6, 15, 7], "texture": "#3"},
				"west": {"uv": [10, 6, 15, 7], "texture": "#3"},
				"up": {"uv": [10, 1, 15, 6], "texture": "#3"},
				"down": {"uv": [10, 1, 15, 6], "texture": "#3"}
			}
		},
		{
			"name": "floor",
			"from": [0, 0, 0],
			"to": [16, 0.01, 16],
			"faces": {
				"north": {"uv": [0, 0, 16, 0.01], "texture": "#4"},
				"east": {"uv": [0, 0, 16, 0.01], "texture": "#4"},
				"south": {"uv": [0, 0, 16, 0.01], "texture": "#4"},
				"west": {"uv": [0, 0, 16, 0.01], "texture": "#4"},
				"up": {"uv": [0, 0, 16, 16], "texture": "#4"},
				"down": {"uv": [0, 0, 16, 16], "texture": "#4"}
			}
		},
		{
			"name": "candle",
			"from": [-4, 20.01, 13],
			"to": [-3, 25.01, 14],
			"rotation": {"angle": 22.5, "axis": "y", "origin": [0, 0, 0]},
			"faces": {
				"north": {"uv": [7, 7, 8, 12], "texture": "#3"},
				"east": {"uv": [8, 7, 9, 12], "texture": "#3"},
				"south": {"uv": [9, 7, 10, 12], "texture": "#3"},
				"west": {"uv": [10, 7, 11, 12], "texture": "#3"},
				"up": {"uv": [6, 10, 7, 11], "texture": "#3"},
				"down": {"uv": [6, 11, 7, 12], "texture": "#3"}
			}
		}
	],
	"groups": [
		{
			"name": "table",
			"origin": [8, 8, 8],
			"children": [
				{
					"name": "feet",
					"origin": [0, 0, 0],
					"children": [0, 1, 2, 3]
				},
				{
					"name": "legs",
					"origin": [0, 0, 0],
					"children": [4, 5, 6, 7]
				},
				{
					"name": "top",
					"origin": [0, 0, 0],
					"children": [8, 9, 10, 11]
				}
			]
		},
		{
			"name": "knife",
			"origin": [0, 0, 0],
			"children": [12, 13, 14, 15]
		}, 16, 17, 18,
		{
			"name": "plate",
			"origin": [0, 0, 0],
			"children": [19, 20]
		}, 21, 22]
}